{"cameraMode":{"drawMode":0,"name":"Shaded","section":"Shading Mode"},"sceneLighting":true,"audioPlay":false,"sceneViewState":{"showFog":true,"showMaterialUpdate":false,"showSkybox":true,"showFlares":true,"showImageEffects":true,"showParticleSystems":true},"in2DMode":false,"pivot":{"x":-0.326171875,"y":3.5951156616210939,"z":16.20057487487793},"rotation":{"x":0.5063713788986206,"y":-0.008535454049706459,"z":0.005012400448322296,"w":0.8622589707374573},"size":7.756243705749512,"orthographic":true}